{
  "dataset_rows": 1310,
  "dataset_classes": 164,
  "cv_results": {
    "knn": {
      "accuracy_mean": 0.8480916030534351,
      "accuracy_std": 0.029897948133688786,
      "f1_macro_mean": 0.8261207897793265,
      "f1_macro_std": 0.02867671788886369
    },
    "svm_rbf": {
      "accuracy_mean": 0.9183206106870229,
      "accuracy_std": 0.01767303343937439,
      "f1_macro_mean": 0.9071196283391405,
      "f1_macro_std": 0.01959640276212445
    },
    "random_forest": {
      "accuracy_mean": 0.9022900763358779,
      "accuracy_std": 0.01356976246918411,
      "f1_macro_mean": 0.8876132404181185,
      "f1_macro_std": 0.012634654341215834
    }
  },
  "best_model": "svm_rbf",
  "holdout": {
    "accuracy": 0.9465648854961832,
    "f1_macro": 0.9426829268292682,
    "f1_weighted": 0.9422391857506361,
    "test_size": 262
  }
}